{
  "Enemies": [
    {
      "ID": "Enemy_Basic",
      "Health": 1,
      "Img": "images/redbug.png",
      "Size": 1,
      "Speed": 1,
      "Behavior": "agro",
      "Cost": 1
    },
    {
      "ID": "Enemy_Coward",
      "Health": 1,
      "Img": "images/fly.png",
      "Size": 0.5,
      "Speed": 1,
      "Behavior": "coward",
      "Cost": 2
    },
    {
      "ID": "Enemy_Slow",
      "Health": 3,
      "Img": "images/crab.png",
      "Size": 2,
      "Speed": 0.3,
      "Behavior": "agro",
      "Cost": 3
    }
  ],
  "Player": [
    {
      "ID": "Player_Basic",
      "Health": 3,
      "Img": "images/triangle.png",
      "Size": 1,
      "Speed": 1.5,
      "Behavior": "NULL",
      "Cost": 0
    }
  ],
  "Bullets": [
    {
      "ID": "Bullet_Basic",
      "Health": 100,
      "Img": "images/shot.png",
      "Size": 0.5,
      "Speed": 10,
      "Behavior": "bullet",
      "Cost": 30
    },
    {
      "ID": "Bullet_Melee",
      "Health": 5,
      "Img": "images/sword.png",
      "Size": 1,
      "Speed": 0,
      "Behavior": "sword",
      "Cost": 5
    }
  ],
  "Misc": [
    {
      "ID": "MG Splash",
      "Health": 120,
      "Img": "images/splash-mg.png",
      "Size": 1,
      "Speed": 0,
      "Behavior": "misc",
      "Cost": 0
    },
    {
      "ID": "DG Splash",
      "Health": 120,
      "Img": "images/splash-dg.png",
      "Size": 1,
      "Speed": 0,
      "Behavior": "misc",
      "Cost": 0
    },
    {
      "ID": "Game Over",
      "Health": 300,
      "Img": "images/game-over.png",
      "Size": 1,
      "Speed": 0,
      "Behavior": "misc",
      "Cost": 0
    },
    {
      "ID": "Background",
      "Health": 1,
      "Img": "images/background.jpg",
      "Size": 1,
      "Speed": 0,
      "Behavior": "NULL",
      "Cost": 0
    },
    {
      "ID": "Crater",
      "Health": 1,
      "Img": "images/crater.png",
      "Size": 1,
      "Speed": 0,
      "Behavior": "NULL",
      "Cost": 0
    },
    {
      "ID": "Splat",
      "Health": 100,
      "Img": "images/crater.png",
      "Size": 1,
      "Speed": 0,
      "Behavior": "misc",
      "Cost": 0
    }        
  ]
}
